ym,average,low,high,temp_range,high_deviation,low_deviation,climate_summary,energy,pop,urban_bcr,urban_far
			2004-01,-1.5,-4.9,2.1,7.0,3.6,3.4000000000000004,-27.21952183939559,997773000,9947778.583333334,54.352587719298256,168.43302631578945
			2004-02,2.3,-1.6,6.9,8.5,4.6000000000000005,3.9,-20.468466694083308,1022829000,9947778.583333334,54.352587719298256,168.43302631578945
			2004-03,6.3,2.1,11.1,9.0,4.8,4.199999999999999,-13.64492238106794,929970000,9947778.583333334,54.352587719298256,168.43302631578945
			2004-04,13.1,8.5,18.3,9.8,5.200000000000001,4.6,-1.9426771419195177,926836000,9947778.583333334,54.352587719298256,168.43302631578945
			2004-05,17.6,13.7,22.2,8.5,4.599999999999998,3.900000000000002,5.995207533946129,887453000,9947778.583333334,54.352587719298256,168.43302631578945
			2004-06,23.2,19.3,27.7,8.399999999999999,4.5,3.8999999999999986,15.630735716802615,903489000,9947778.583333334,54.352587719298256,168.43302631578945
			2004-07,24.8,22.3,27.7,5.399999999999999,2.8999999999999986,2.5,18.504990872163976,935120000,9947778.583333334,54.352587719298256,168.43302631578945
			2004-08,26.1,22.8,30.2,7.399999999999999,4.099999999999998,3.3000000000000007,20.836852913354942,1122096000,9947778.583333334,54.352587719298256,168.43302631578945
			2004-09,21.7,17.8,26.3,8.5,4.600000000000001,3.8999999999999986,13.08678036629389,970072000,9947778.583333334,54.352587719298256,168.43302631578945
			2004-10,15.2,10.3,20.8,10.5,5.600000000000001,4.899999999999999,1.6955735714399758,890996000,9947778.583333334,54.352587719298256,168.43302631578945
			2004-11,9.1,5.3,13.4,8.100000000000001,4.300000000000001,3.8,-8.793031796044982,933732000,9947778.583333334,54.352587719298256,168.43302631578945
			2004-12,1.9,-1.4,5.8,7.199999999999999,3.9,3.3,-21.121768346568814,961073000,9947778.583333334,54.352587719298256,168.43302631578945
			2005-01,-2.5,-6.2,1.5,7.7,4.0,3.7,-28.943192048055128,1050920000,9947778.583333334,54.352587719298256,168.43302631578945
			2005-02,-1.9,-5.5,2.2,7.7,4.1,3.6,-27.78950893411747,1034572000,9947778.583333334,54.352587719298256,168.43302631578945
			2005-03,4.1,0.2,8.8,8.600000000000001,4.700000000000001,3.8999999999999995,-17.30457074050726,948015000,9947778.583333334,54.352587719298256,168.43302631578945
			2005-04,13.2,8.9,18.1,9.200000000000001,4.900000000000002,4.299999999999999,-1.7251711375714827,968532000,9947778.583333334,54.352587719298256,168.43302631578945
			2005-05,17.7,13.0,22.9,9.899999999999999,5.199999999999999,4.699999999999999,5.9483521928365235,908561000,9947778.583333334,54.352587719298256,168.43302631578945
			2005-06,22.7,19.1,27.3,8.2,4.600000000000001,3.599999999999998,15.012540634890822,958408000,9947778.583333334,54.352587719298256,168.43302631578945
			2005-07,25.3,22.7,28.8,6.100000000000001,3.5,2.6000000000000014,19.607582464478366,994931000,9947778.583333334,54.352587719298256,168.43302631578945
			2005-08,25.1,22.4,28.7,6.300000000000001,3.599999999999998,2.700000000000003,19.246805144640906,1131221000,9947778.583333334,54.352587719298256,168.43302631578945
			2005-09,21.8,18.6,25.7,7.099999999999998,3.8999999999999986,3.1999999999999993,13.36367412172881,998855000,9947778.583333334,54.352587719298256,168.43302631578945
			2005-10,14.7,10.7,19.4,8.7,4.699999999999999,4.0,0.9643700562211102,933188000,9947778.583333334,54.352587719298256,168.43302631578945
			2005-11,8.6,4.6,12.9,8.3,4.300000000000001,4.0,-9.788596656721486,954642000,9947778.583333334,54.352587719298256,168.43302631578945
			2005-12,-3.9,-7.4,-0.1,7.300000000000001,3.8,3.5000000000000004,-31.33501084697189,1026298000,9947778.583333334,54.352587719298256,168.43302631578945
			2006-01,-0.2,-3.3,3.4,6.699999999999999,3.6,3.0999999999999996,-24.774865997700033,1107776000,9947778.583333334,54.352587719298256,168.43302631578945
			2006-02,0.1,-4.0,4.2,8.2,4.1000000000000005,4.1,-24.65705237724039,1043070000,9947778.583333334,54.352587719298256,168.43302631578945
			2006-03,5.2,0.9,9.9,9.0,4.7,4.3,-15.663431450169956,960352000,9947778.583333334,54.352587719298256,168.43302631578945
			2006-04,11.6,7.7,16.2,8.5,4.6,3.8999999999999995,-4.382703928026199,997712000,9947778.583333334,54.352587719298256,168.43302631578945
			2006-05,18.4,14.0,23.4,9.399999999999999,5.0,4.399999999999999,7.254171858366142,927631000,9947778.583333334,54.352587719298256,168.43302631578945
			2006-06,21.8,18.1,26.3,8.2,4.5,3.6999999999999993,13.339961947854551,963298000,9947778.583333334,54.352587719298256,168.43302631578945
			2006-07,23.1,20.9,26.0,5.100000000000001,2.8999999999999986,2.200000000000003,15.760690982873367,993475000,9947778.583333334,54.352587719298256,168.43302631578945
			2006-08,27.0,23.9,31.1,7.200000000000003,4.100000000000001,3.1000000000000014,22.524278538162935,1158685000,9947778.583333334,54.352587719298256,168.43302631578945
			2006-09,21.1,16.9,25.7,8.8,4.599999999999998,4.200000000000003,11.852880861828435,1066869000,9947778.583333334,54.352587719298256,168.43302631578945
			2006-10,17.9,13.9,22.6,8.700000000000001,4.700000000000003,3.9999999999999982,6.499256169273025,917460000,9947778.583333334,54.352587719298256,168.43302631578945
			2006-11,8.4,4.5,12.4,7.9,4.0,3.9000000000000004,-10.22072513098421,991926000,9947778.583333334,54.352587719298256,168.43302631578945
			2006-12,1.4,-2.0,5.4,7.4,4.0,3.4,-22.001441239504896,1037155000,9947778.583333334,54.352587719298256,168.43302631578945
			2007-01,0.4,-2.8,4.1,6.8999999999999995,3.6999999999999997,3.1999999999999997,-23.751921789274522,1075305000,9947778.583333334,54.352587719298256,168.43302631578945
			2007-02,4.0,0.1,8.7,8.6,4.699999999999999,3.9,-17.47753593154013,1073293000,9947778.583333334,54.352587719298256,168.43302631578945
			2007-03,6.1,2.3,10.3,8.0,4.200000000000001,3.8,-14.032510042015495,960533000,9947778.583333334,54.352587719298256,168.43302631578945
			2007-04,11.4,7.5,16.1,8.600000000000001,4.700000000000001,3.9000000000000004,-4.67811179510759,1016992000,9947778.583333334,54.352587719298256,168.43302631578945
			2007-05,18.1,13.6,23.4,9.799999999999999,5.299999999999997,4.500000000000002,6.8214743774645115,954144000,9947778.583333334,54.352587719298256,168.43302631578945
			2007-06,23.2,19.2,27.7,8.5,4.5,4.0,15.565366264046549,982471000,9947778.583333334,54.352587719298256,168.43302631578945
			2007-07,24.2,21.3,27.8,6.5,3.6000000000000014,2.8999999999999986,17.559379519832913,1014115000,9947778.583333334,54.352587719298256,168.43302631578945
			2007-08,26.5,23.8,29.9,6.099999999999998,3.3999999999999986,2.6999999999999993,21.567272789132414,1157601000,9947778.583333334,54.352587719298256,168.43302631578945
			2007-09,21.5,18.6,25.1,6.5,3.6000000000000014,2.8999999999999986,12.889319361945365,1107260000,9947778.583333334,54.352587719298256,168.43302631578945
			2007-10,15.1,11.3,19.6,8.3,4.500000000000002,3.799999999999999,1.6859246958960483,978022000,9947778.583333334,54.352587719298256,168.43302631578945
			2007-11,6.7,2.8,11.4,8.600000000000001,4.7,3.9000000000000004,-12.807475773652584,1017438000,9947778.583333334,54.352587719298256,168.43302631578945
			2007-12,1.8,-1.4,5.4,6.800000000000001,3.6000000000000005,3.2,-21.380931629798663,1054305000,9947778.583333334,54.352587719298256,168.43302631578945
			2008-01,-1.7,-5.0,1.9,6.9,3.5999999999999996,3.3,-27.500082768705262,1124889000,10201656.0,54.352587719298256,168.43302631578945
			2008-02,-1.2,-4.9,3.2,8.100000000000001,4.4,3.7,-26.49255450469039,1124234000,10212056.0,54.352587719298256,168.43302631578945
			2008-03,7.3,3.7,11.9,8.2,4.6000000000000005,3.5999999999999996,-11.624098784171483,1021684000,10206136.0,54.352587719298256,168.43302631578945
			2008-04,14.1,9.3,19.5,10.2,5.4,4.799999999999999,-0.24271910713424205,1033054000,10206862.0,54.352587719298256,168.43302631578945
			2008-05,17.7,13.1,22.7,9.6,5.0,4.6,5.912676615623894,971074000,10204867.0,54.352587719298256,168.43302631578945
			2008-06,21.5,17.6,26.1,8.5,4.600000000000001,3.8999999999999986,12.740849984228145,998593000,10196863.0,54.352587719298256,168.43302631578945
			2008-07,25.1,22.6,28.4,5.799999999999997,3.299999999999997,2.5,19.2259765052,1050141000,10196644.0,54.352587719298256,168.43302631578945
			2008-08,25.3,21.8,29.5,7.699999999999999,4.199999999999999,3.5,19.372914994564166,1188891000,10197320.0,54.352587719298256,168.43302631578945
			2008-09,22.0,18.0,26.9,8.899999999999999,4.899999999999999,4.0,13.691874031589482,1083408000,10198705.0,54.352587719298256,168.43302631578945
			2008-10,16.1,12.1,21.0,8.9,4.899999999999999,4.000000000000002,3.4869277606500226,987595000,10200440.0,54.352587719298256,168.43302631578945
			2008-11,7.6,3.8,11.7,7.8999999999999995,4.1,3.8,-11.488554691506765,1033462000,10199174.0,54.352587719298256,168.43302631578945
			2008-12,1.1,-2.7,5.0,7.7,3.9,3.8000000000000003,-22.832337138612154,1070485000,10200827.0,54.352587719298256,168.43302631578945
			2009-01,-2.0,-5.5,2.3,7.8,4.3,3.5,-27.79605964242557,1153275000,10207304.0,54.352587719298256,168.43302631578945
			2009-02,2.9,-0.6,6.8,7.3999999999999995,3.9,3.5,-19.522855341752237,1136368000,10221170.0,54.352587719298256,168.43302631578945
			2009-03,6.0,1.8,10.6,8.799999999999999,4.6,4.2,-14.264862984135256,1004472000,10225908.0,54.352587719298256,168.43302631578945
			2009-04,12.7,8.1,18.0,9.9,5.300000000000001,4.6,-2.5840153910666572,1054514000,10218707.0,54.352587719298256,168.43302631578945
			2009-05,19.1,14.6,24.3,9.700000000000001,5.199999999999999,4.500000000000002,8.500603772808876,999567000,10222778.0,54.352587719298256,168.43302631578945
			2009-06,22.4,18.8,26.7,7.899999999999999,4.300000000000001,3.599999999999998,14.342077516839158,1036914000,10226685.0,54.352587719298256,168.43302631578945
			2009-07,24.3,21.0,28.2,7.199999999999999,3.8999999999999986,3.3000000000000007,17.62243444479454,1046460000,10229471.0,54.352587719298256,168.43302631578945
			2009-08,25.7,22.4,29.5,7.100000000000001,3.8000000000000007,3.3000000000000007,19.9934246042704,1176870000,10230476.0,54.352587719298256,168.43302631578945
			2009-09,21.8,17.7,26.3,8.600000000000001,4.5,4.100000000000001,13.078484136830266,1107488000,10228160.0,54.352587719298256,168.43302631578945
			2009-10,16.0,11.7,20.9,9.2,4.899999999999999,4.300000000000001,3.1178542113489343,1007942000,10224788.0,54.352587719298256,168.43302631578945
			2009-11,6.9,3.7,10.4,6.7,3.5,3.2,-12.610229402106535,1076722000,10217035.0,54.352587719298256,168.43302631578945
			2009-12,-1.0,-4.2,2.5,6.7,3.5,3.2,-26.274479493703435,1107187000,10208302.0,54.352587719298256,168.43302631578945
			2010-01,-4.5,-8.1,-0.7,7.3999999999999995,3.8,3.5999999999999996,-32.43817144592519,1214068000,10213153.0,54.352587719298256,168.43302631578945
			2010-02,1.4,-1.7,4.9,6.6000000000000005,3.5000000000000004,3.0999999999999996,-22.057945456158432,1181409000,10214085.0,54.352587719298256,168.43302631578945
			2010-03,4.3,0.5,8.1,7.6,3.8,3.8,-17.347973540544594,1032892000,10208670.0,54.352587719298256,168.43302631578945
			2010-04,9.5,5.6,14.0,8.4,4.5,3.9000000000000004,-8.065495454700862,1089846000,10203549.0,54.352587719298256,168.43302631578945
			2010-05,17.2,13.0,22.0,9.0,4.800000000000001,4.199999999999999,5.208283441515121,1022332000,10197997.0,54.352587719298256,168.43302631578945
			2010-06,23.4,19.3,28.2,8.899999999999999,4.800000000000001,4.099999999999998,15.997494738309268,1055101000,10194327.0,54.352587719298256,168.43302631578945
			2010-07,25.8,23.1,29.3,6.199999999999999,3.5,2.6999999999999993,20.407038966886656,1125863000,10191949.0,54.352587719298256,168.43302631578945
			2010-08,26.5,23.8,30.0,6.199999999999999,3.5,2.6999999999999993,21.617795304116765,1300710000,10189598.0,54.352587719298256,168.43302631578945
			2010-09,21.8,18.5,26.0,7.5,4.199999999999999,3.3000000000000007,13.44987221392579,1209523000,10186556.0,54.352587719298256,168.43302631578945
			2010-10,14.5,10.4,19.3,8.9,4.800000000000001,4.1,0.60359273638365,1030153000,10328915.0,54.352587719298256,168.43302631578945
			2010-11,6.5,2.5,11.3,8.8,4.800000000000001,4.0,-13.16825309349005,1074270000,10319500.0,54.352587719298256,168.43302631578945
			2010-12,-1.3,-5.1,3.1,8.2,4.4,3.8,-26.73088914847933,1120563000,10312545.0,54.352587719298256,168.43302631578945
			2011-01,-7.2,-10.5,-3.4,7.1,3.8000000000000003,3.3,-36.91212324554453,1231391000,10312835.0,54.352587719298256,168.43302631578945
			2011-02,1.2,-2.5,5.9,8.4,4.7,3.7,-22.189822374948406,1202149000,10314245.0,54.352587719298256,168.43302631578945
			2011-03,3.6,-0.1,8.3,8.4,4.700000000000001,3.7,-18.038657790159473,1037949000,10307783.0,54.352587719298256,168.43302631578945
			2011-04,10.7,6.8,15.6,8.8,4.9,3.8999999999999995,-5.787823102369,1083898000,10301829.0,54.352587719298256,168.43302631578945
			2011-05,17.9,13.6,23.0,9.4,5.100000000000001,4.299999999999999,6.5052378709422065,1027707000,10295643.0,54.352587719298256,168.43302631578945
			2011-06,22.0,18.4,26.6,8.200000000000003,4.600000000000001,3.6000000000000014,13.80178429766072,1042577000,10288284.0,54.352587719298256,168.43302631578945
			2011-07,24.6,22.0,28.0,6.0,3.3999999999999986,2.6000000000000014,18.346303612263906,1088431000,10282472.0,54.352587719298256,168.43302631578945
			2011-08,25.8,23.0,29.5,6.5,3.6999999999999993,2.8000000000000007,20.442714544099292,1222761000,10277507.0,54.352587719298256,168.43302631578945
			2011-09,21.8,17.7,26.6,8.900000000000002,4.800000000000001,4.100000000000001,13.23005168178332,1155030000,10271880.0,54.352587719298256,168.43302631578945
			2011-10,14.2,9.7,19.3,9.600000000000001,5.100000000000001,4.5,-0.02521310278620703,1021590000,10266174.0,54.352587719298256,168.43302631578945
			2011-11,10.7,7.2,14.7,7.499999999999999,4.0,3.499999999999999,-5.9810479262038605,1074035000,10257741.0,54.352587719298256,168.43302631578945
			2011-12,-0.9,-4.1,2.9,7.0,3.8,3.1999999999999997,-25.949946757717512,1111070000,10249679.0,54.352587719298256,168.43302631578945
			2012-01,-2.8,-6.3,1.3,7.6,4.1,3.5,-29.280826200657245,1204664000,10250134.0,54.352587719298256,168.43302631578945
			2012-02,-2.0,-6.0,3.0,9.0,5.0,4.0,-27.76924930131548,1209163000,10251297.0,54.352587719298256,168.43302631578945
			2012-03,5.1,1.5,9.5,8.0,4.4,3.5999999999999996,-15.530378016863372,1095406000,10245782.0,54.352587719298256,168.43302631578945
			2012-04,12.3,7.8,17.9,10.099999999999998,5.599999999999998,4.500000000000001,-3.0589391574890286,1113924000,10241387.0,54.352587719298256,168.43302631578945
			2012-05,19.7,15.4,25.1,9.700000000000001,5.400000000000002,4.299999999999999,9.77017885448696,1032062000,10237054.0,54.352587719298256,168.43302631578945
			2012-06,24.1,20.0,29.7,9.7,5.599999999999998,4.100000000000001,17.61243119541417,1068538000,10232281.0,54.352587719298256,168.43302631578945
			2012-07,25.4,22.4,29.0,6.600000000000001,3.6000000000000014,3.0,19.569592359471297,1125529000,10227761.0,54.352587719298256,168.43302631578945
			2012-08,27.1,23.9,30.9,7.0,3.799999999999997,3.200000000000003,22.48030673148668,1416388000,10223243.0,54.352587719298256,168.43302631578945
			2012-09,21.0,17.4,25.0,7.600000000000001,4.0,3.6000000000000014,11.768997297425901,1182227000,10219334.0,54.352587719298256,168.43302631578945
			2012-10,15.3,11.0,20.5,9.5,5.199999999999999,4.300000000000001,2.058665419071879,1034657000,10212445.0,54.352587719298256,168.43302631578945
			2012-11,5.5,1.8,9.5,7.7,4.0,3.7,-15.105976765425355,1096242000,10205843.0,54.352587719298256,168.43302631578945
			2012-12,-4.1,-7.4,-0.5,6.9,3.5999999999999996,3.3000000000000007,-31.651247353494192,1156907000,10195318.0,54.352587719298256,168.43302631578945
			2013-01,-3.4,-6.6,0.3,6.8999999999999995,3.6999999999999997,3.1999999999999997,-30.324599048523666,1253151000,10195064.0,54.352587719298256,168.43302631578945
			2013-02,-1.2,-4.9,2.8,7.7,4.0,3.7,-26.69464456462779,1211922000,10196434.0,54.352587719298256,168.43302631578945
			2013-03,5.1,0.7,10.8,10.100000000000001,5.700000000000001,4.3999999999999995,-15.396540944115396,1055375000,10192057.0,54.352587719298256,168.43302631578945
			2013-04,10.0,5.7,15.0,9.3,5.0,4.3,-7.209534735639039,1104489000,10185955.0,54.352587719298256,168.43302631578945
			2013-05,18.2,13.7,23.6,9.900000000000002,5.400000000000002,4.5,7.044962083481728,1031805000,10181807.0,54.352587719298256,168.43302631578945
			2013-06,24.4,20.5,29.2,8.7,4.800000000000001,3.8999999999999986,17.857885554150133,1071976000,10176560.0,54.352587719298256,168.43302631578945
			2013-07,25.5,23.4,28.3,4.900000000000002,2.8000000000000007,2.1000000000000014,19.92670250543402,1142486000,10172002.0,54.352587719298256,168.43302631578945
			2013-08,27.7,24.8,31.1,6.300000000000001,3.400000000000002,2.8999999999999986,23.512116176014732,1343743000,10168997.0,54.352587719298256,168.43302631578945
			2013-09,21.8,18.0,25.9,7.899999999999999,4.099999999999998,3.8000000000000007,13.07250243516108,1209798000,10166691.0,54.352587719298256,168.43302631578945
			2013-10,15.8,10.9,21.2,10.299999999999999,5.399999999999999,4.9,2.6323196876685095,1020086000,10162099.0,54.352587719298256,168.43302631578945
			2013-11,6.2,2.1,10.7,8.6,4.499999999999999,4.1,-13.90408566429779,1067595000,10154180.0,54.352587719298256,168.43302631578945
			2013-12,-0.2,-3.5,3.5,7.0,3.7,3.3,-24.855082388227828,1113621000,10143645.0,54.352587719298256,168.43302631578945
			2014-01,-0.7,-4.9,3.5,8.4,4.2,4.2,-26.05562084327509,1187067950,10143164.0,54.352587719298256,168.43302631578945
			2014-02,1.9,-1.8,6.6,8.4,4.699999999999999,3.7,-20.9790660377183,1174713281,10144173.0,54.352587719298256,168.43302631578945
			2014-03,7.9,3.5,13.1,9.6,5.199999999999999,4.4,-10.806128170116729,1029042518,10141727.0,54.352587719298256,168.43302631578945
			2014-04,14.0,9.4,19.6,10.200000000000001,5.600000000000001,4.6,-0.18390036268626986,1066274547,10137313.0,54.352587719298256,168.43302631578945
			2014-05,18.9,13.8,25.3,11.5,6.400000000000002,5.099999999999998,8.368726854018899,1004895714,10133734.0,54.352587719298256,168.43302631578945
			2014-06,23.1,19.7,27.8,8.100000000000001,4.699999999999999,3.400000000000002,15.885662819518803,1058558959,10129223.0,54.352587719298256,168.43302631578945
			2014-07,26.1,22.9,30.6,7.700000000000003,4.5,3.200000000000003,21.104312426048413,1121937944,10125912.0,54.23,163.31
			2014-08,25.2,22.1,29.0,6.899999999999999,3.8000000000000007,3.099999999999998,19.259337554618188,1233458597,10124243.0,54.2376,163.4128
			2014-09,22.1,18.0,27.0,9.0,4.899999999999999,4.100000000000001,13.799469769866281,1114598375,10122661.0,54.2452,163.5156
			2014-10,15.6,10.7,21.4,10.7,5.799999999999999,4.9,2.488479365540165,1009580607,10117909.0,54.2528,163.6184
			2014-11,9.0,4.9,13.8,8.9,4.800000000000001,4.1,-8.909492770424317,1061203380,10112156.0,54.2604,163.7212
			2014-12,-2.9,-6.7,1.5,8.2,4.4,3.8000000000000003,-29.498332205005283,1123393152,10103233.0,54.268,163.824
			2015-01,-0.9,-4.8,3.6,8.4,4.5,3.9,-26.053875322119566,1208344479,10104515.0,54.2756,163.9268
			2015-02,1.0,-2.9,6.0,8.9,5.0,3.9,-22.514924117573244,1174628181,10105206.0,54.2832,164.0296
			2015-03,6.3,1.0,12.4,11.4,6.1000000000000005,5.3,-13.70719366658818,1038607536,10100987.0,54.2908,164.1324
			2015-04,13.3,8.4,18.8,10.4,5.5,4.9,-1.6412875731689418,1073072340,10094889.0,54.2984,164.2352
			2015-05,18.9,13.6,24.9,11.299999999999999,6.0,5.299999999999999,8.035897888569355,999897891,10088393.0,54.306,164.338
			2015-06,23.6,18.9,29.5,10.600000000000001,5.899999999999999,4.700000000000003,16.50695606866643,1041745162,10078850.0,54.3136,164.4408
			2015-07,25.8,22.6,30.0,7.399999999999999,4.199999999999999,3.1999999999999993,20.43384930799675,1099738961,10071654.0,54.3212,164.5436
			2015-08,26.3,22.8,30.8,8.0,4.5,3.5,21.25413444984594,1328130456,10063197.0,54.3288,164.6464
			2015-09,22.4,17.5,28.1,10.600000000000001,5.700000000000003,4.899999999999999,14.199589840791116,1146190108,10055027.0,54.3364,164.7492
			2015-10,15.5,10.8,21.2,10.399999999999999,5.699999999999999,4.699999999999999,2.3957305650350875,998797672,10045027.0,54.344,164.852
			2015-11,8.9,5.9,12.7,6.799999999999999,3.799999999999999,3.0,-8.8686191309839,1051814646,10035597.0,54.3516,164.9548
			2015-12,1.6,-2.1,6.0,8.1,4.4,3.7,-21.64952915576997,1100125059,10022181.0,54.3592,165.0576
			2016-01,-3.2,-6.8,1.1,7.9,4.300000000000001,3.5999999999999996,-29.937011387576106,1180825360,10018537.0,54.3668,165.1604
			2016-02,0.2,-4.1,5.1,9.2,4.8999999999999995,4.3,-24.21064597184486,1197875945,10014261.0,54.3744,165.2632
			2016-03,7.0,2.4,12.6,10.2,5.6,4.6,-12.29146373498732,1070581592,10009588.0,54.382,165.366
			2016-04,14.1,9.1,20.3,11.200000000000001,6.200000000000001,5.0,0.03072210722841362,1059935552,10002979.0,54.3896,165.4688
			2016-05,19.6,14.1,25.7,11.6,6.099999999999998,5.500000000000002,9.166437835271669,997002150,9995784.0,54.3972,165.5716
			2016-06,23.6,19.5,28.7,9.2,5.099999999999998,4.100000000000001,16.49499266532806,1046090879,9989795.0,54.4048,165.6744
			2016-07,26.2,23.3,29.8,6.5,3.6000000000000014,2.8999999999999986,21.01868334049035,1139963902,9981673.0,54.4124,165.7772
			2016-08,28.0,24.5,32.6,8.100000000000001,4.600000000000001,3.5,24.245065212389125,1509147408,9971111.0,54.42,165.88
			2016-09,23.1,19.3,27.9,8.599999999999998,4.799999999999997,3.8000000000000007,15.674707523478862,1263481826,9964291.0,54.41933333,165.976
			2016-10,16.1,11.6,21.3,9.700000000000001,5.199999999999999,4.500000000000002,3.3116480418227177,1004146216,9954791.0,54.41866667,166.072
			2016-11,6.8,2.8,11.6,8.8,4.8,4.0,-12.649357520391435,1049004254,9943333.0,54.418,166.168
			2016-12,1.2,-2.7,5.8,8.5,4.6,3.9000000000000004,-22.3710837954449,1094401105,9930616.0,54.41733333,166.264
			2017-01,-1.8,-5.8,2.9,8.7,4.7,4.0,-27.574886464202784,1171118030,9930478.0,54.41666667,166.36
			2017-02,-0.2,-4.7,4.8,9.5,5.0,4.5,-24.982723126504144,1181640954,9931412.0,54.416,166.456
			2017-03,6.3,1.7,12.3,10.600000000000001,6.000000000000001,4.6,-13.300130012280023,1029696089,9926968.0,54.41533333,166.552
			2017-04,13.9,9.1,20.0,10.9,6.1,4.800000000000001,-0.23499188430953666,1061220776,9922745.0,54.41466667,166.648
			2017-05,19.5,14.4,25.4,10.999999999999998,5.899999999999999,5.1,9.15390542529438,989051656,9919016.0,54.414,166.744
			2017-06,23.3,18.7,28.8,10.100000000000001,5.5,4.600000000000001,15.851339888386487,1026417759,9914381.0,54.41333333,166.84
			2017-07,26.9,24.3,30.4,6.099999999999998,3.5,2.599999999999998,22.37502552100432,1211781349,9908612.0,54.41266667,166.936
			2017-08,25.9,22.9,29.7,6.800000000000001,3.8000000000000007,3.0,20.535463344604356,1452964638,9902072.0,54.412,167.032
			2017-09,22.1,17.5,27.4,9.899999999999999,5.299999999999997,4.600000000000001,13.67471256602332,1142452772,9891448.0,54.41133333,167.128
			2017-10,16.4,11.6,22.5,10.9,6.100000000000001,4.799999999999999,4.089137891512266,996485102,9882810.0,54.41066667,167.224
			2017-11,5.6,1.3,10.5,9.2,4.9,4.3,-14.870525656069765,1048520709,9870167.0,54.41,167.32
			2017-12,-1.9,-5.7,2.2,7.9,4.1,3.8000000000000003,-27.920247839629614,1132165546,9857426.0,54.4075,167.8875
			2018-01,-4.0,-7.3,0.1,7.3999999999999995,4.1,3.3,-31.225669587539567,1218264077,9851767.0,54.405,168.455
			2018-02,-1.6,-5.9,3.3,9.2,4.9,4.300000000000001,-27.32401941043656,1230801297,9845336.0,54.4025,169.0225
			2018-03,8.1,3.8,13.6,9.8,5.5,4.3,-10.24326079034186,1045250724,9838892.0,54.4,169.59
			2018-04,13.0,8.1,18.5,10.4,5.5,4.9,-2.16018314626756,1064942184,9830452.0,54.4,167.72
			2018-05,18.2,13.4,23.3,9.9,5.100000000000001,4.799999999999999,6.697286180260463,1000318832,9820971.0,54.4,167.83
			2018-06,23.1,18.9,28.4,9.5,5.299999999999997,4.200000000000003,15.665842287376332,1053725376,9814049.0,54.4,167.95
			2018-07,27.8,24.2,32.1,7.900000000000002,4.300000000000001,3.6000000000000014,23.682197832614253,1211149340,9806538.0,54.39,168.24
			2018-08,28.8,25.2,33.3,8.099999999999998,4.4999999999999964,3.6000000000000014,25.512894772911675,1810791176,9799075.0,54.39,168.28
			2018-09,21.5,17.6,26.0,8.399999999999999,4.5,3.8999999999999986,12.690327469243787,1291084839,9793003.0,54.39,168.34
			2018-10,13.1,8.5,18.6,10.100000000000001,5.500000000000002,4.6,-1.7911095969664714,1000840828,9784112.0,54.38,168.45
			2018-11,7.8,3.6,13.2,9.6,5.3999999999999995,4.199999999999999,-10.747309425668755,1054196680,9774088.0,54.38,168.5
			2018-12,-0.6,-4.7,4.1,8.8,4.699999999999999,4.1000000000000005,-25.564673624564392,1115940971,9765623.0,54.38,168.58
			2019-01,-0.9,-5.1,4.1,9.2,5.0,4.199999999999999,-25.99737110546603,1215959644,9766288.0,54.38,168.68
			2019-02,1.0,-3.2,6.0,9.2,5.0,4.2,-22.71103247584146,1181266412,9770638.0,54.38,168.74
			2019-03,7.1,2.7,12.4,9.7,5.300000000000001,4.3999999999999995,-12.139327183395356,1033985585,9770216.0,54.38,168.78
			2019-04,12.1,7.2,17.6,10.400000000000002,5.500000000000002,4.8999999999999995,-3.7168698655634067,1080012750,9766886.0,54.37,168.85
			2019-05,19.4,13.7,25.6,11.900000000000002,6.200000000000003,5.699999999999999,8.740291062678128,1005638641,9762062.0,54.38,168.9
			2019-06,22.5,18.1,27.7,9.599999999999998,5.199999999999999,4.399999999999999,14.446789720682599,1044560387,9757144.0,54.38,169.0
			2019-07,25.9,22.7,30.1,7.400000000000002,4.200000000000003,3.1999999999999993,20.606814499029614,1156462989,9751415.0,54.38,169.14
			2019-08,27.2,23.6,31.6,8.0,4.400000000000002,3.599999999999998,22.69492920140137,1543964009,9744888.0,54.38,169.19
			2019-09,22.6,19.0,27.1,8.100000000000001,4.5,3.6000000000000014,14.789052928873605,1317722779,9740398.0,54.38,169.24
			2019-10,16.4,11.8,21.8,10.0,5.400000000000002,4.599999999999998,3.8662191921339613,1049769765,9736289.0,54.36,169.46
			2019-11,7.6,3.1,12.9,9.8,5.300000000000001,4.5,-11.339870680987067,1060333906,9732577.0,54.36,169.51
			2019-12,1.4,-2.6,5.3,7.9,3.9,4.0,-22.444180471025682,1124990581,9729107.0,54.36,169.57
			2020-01,1.6,-1.7,5.9,7.6000000000000005,4.300000000000001,3.3,-21.438573859730027,1201844525,9733509.0,54.36,169.65
			2020-02,2.5,-1.3,7.2,8.5,4.7,3.8,-20.00664434427714,1192800171,9736962.0,54.36,169.67
			2020-03,7.7,2.6,13.3,10.700000000000001,5.6000000000000005,5.1,-11.407554661537576,1122218076,9733655.0,54.36,169.7
			2020-04,11.1,6.3,16.6,10.3,5.500000000000002,4.8,-5.381152323136057,1122785486,9726787.0,54.36,169.73
			2020-05,18.0,13.7,23.3,9.600000000000001,5.300000000000001,4.300000000000001,6.779248091943778,1058926018,9724496.0,54.36,169.78
			2020-06,23.9,19.9,29.0,9.100000000000001,5.100000000000001,4.0,17.079257691182757,1135016306,9720846.0,54.36,169.87
			2020-07,24.1,21.1,28.0,6.899999999999999,3.8999999999999986,3.0,17.47261242099702,1217456430,9715429.0,54.35,169.91
			2020-08,26.5,24.4,29.3,4.900000000000002,2.8000000000000007,2.1000000000000014,21.656354415762745,1411611643,9708247.0,54.35,169.97
			2020-09,21.4,18.0,25.6,7.600000000000001,4.200000000000003,3.3999999999999986,12.692641997038233,1460564556,9699232.0,54.35,170.02
			2020-10,14.3,9.6,19.5,9.9,5.199999999999999,4.700000000000001,0.06753569771887413,1077247451,9689159.0,54.33,170.23
			2020-11,8.0,4.0,12.6,8.6,4.6,4.0,-10.674820257965669,1110287494,9679771.0,54.33,170.31
			2020-12,-0.3,-4.2,3.9,8.1,4.2,3.9000000000000004,-25.167651720875384,1191277973,9668465.0,54.33,170.36
			2021-01,-2.4,-6.8,2.2,9.0,4.6,4.4,-28.924677936408656,1331688210,9657969.0,54.33,170.41
			2021-02,2.7,-2.2,7.9,10.100000000000001,5.2,4.9,-20.12716536760644,1272211063,9648606.0,54.33,170.46
			2021-03,9.0,4.3,14.8,10.5,5.800000000000001,4.7,-8.79648433711725,1090281733,9598484.0,54.34,170.5
			2021-04,14.2,9.5,19.5,10.0,5.300000000000001,4.699999999999999,-0.054906978329647416,1112408343,9588711.0,54.34,170.53
			2021-05,17.1,12.8,21.9,9.099999999999998,4.799999999999997,4.300000000000001,4.969948797726179,1060022886,9575355.0,54.33,170.73
			2021-06,22.8,18.9,27.6,8.700000000000003,4.800000000000001,3.900000000000002,15.090442497624185,1127819486,9565990.0,54.33,170.78
			2021-07,28.1,24.6,32.2,7.600000000000001,4.100000000000001,3.5,24.165417828500242,1391209916,9558153.0,54.33,170.83
			2021-08,25.9,22.8,29.7,6.899999999999999,3.8000000000000007,3.099999999999998,20.47009389184829,1844125479,9550227.0,54.34,170.89
			2021-09,22.6,18.8,26.9,8.099999999999998,4.299999999999997,3.8000000000000007,14.557268993392757,1336305520,9542256.0,54.33,170.95
			2021-10,15.6,11.6,20.5,8.9,4.9,4.0,2.6221018054856664,1131012682,9532428.0,54.33,171.0
			2021-11,8.2,4.0,13.1,9.1,4.9,4.199999999999999,-10.308061236459018,1126418959,9520880.0,54.33,171.04
			2021-12,0.6,-3.5,5.1,8.6,4.5,4.1,-23.59013636213863,1175771327,9509458.0,54.33,171.08
			2022-01,-2.2,-6.2,2.6,8.8,4.800000000000001,4.0,-28.216224713349924,1303987955,9505926.0,54.33,171.11
			2022-02,-1.1,-5.3,3.8,9.1,4.9,4.199999999999999,-26.393824002516126,1283978502,9508451.0,54.33,171.17
			2022-03,7.7,3.2,12.7,9.5,4.999999999999999,4.5,-11.318473034907244,1137991446,9506778.0,54.33,171.31
			2022-04,14.8,10.0,20.6,10.600000000000001,5.800000000000001,4.800000000000001,1.1701272900332604,1123194089,9500480.0,54.33,171.33
			2022-05,19.1,13.9,25.0,11.1,5.899999999999999,5.200000000000001,8.396675208406823,1065676206,9496887.0,54.33,171.41
			2022-06,23.3,19.8,27.5,7.699999999999999,4.199999999999999,3.5,15.913611173906727,1110162000,9494807.0,54.33,171.46
			2022-07,27.3,24.2,31.0,6.800000000000001,3.6999999999999993,3.1000000000000014,22.84108405132414,1432848729,9493211.0,54.33,171.48
			2022-08,25.7,23.1,28.9,5.799999999999997,3.1999999999999993,2.599999999999998,20.14787568365681,1696495940,9488454.0,54.33,171.54
			2022-09,22.4,18.2,27.2,9.0,4.800000000000001,4.199999999999999,14.202473375224468,1352108397,9450768.0,54.33,171.54
			2022-10,14.6,10.3,19.7,9.399999999999999,5.1,4.299999999999999,0.7973865668574263,1111392481,9443722.0,54.33,171.53
			2022-11,10.0,5.6,15.4,9.8,5.4,4.4,-7.072814128457715,1105803927,9436836.0,54.33,171.53
			2022-12,-2.8,-6.6,1.7,8.299999999999999,4.5,3.8,-29.274844498988063,1182566822,9428372.0,54.33,171.52
			2023-01,-1.5,-5.7,3.2,8.9,4.7,4.2,-27.186729796616316,1307520478,9424873.0,54.32,171.51
			2023-02,2.3,-1.9,7.3,9.2,5.0,4.199999999999999,-20.462484992414122,1255628384,9427583.0,54.32,171.51
			2023-03,9.8,4.2,16.2,12.0,6.399999999999999,5.6000000000000005,-7.697952793752819,1075144763,9426404.0,54.32,171.51
			2023-04,13.8,8.8,19.0,10.2,5.199999999999999,5.0,-0.9933986157137085,1097051617,9422710.0,54.32,171.5
			2023-05,19.5,14.6,25.0,10.4,5.5,4.9,9.082554270869121,1051472700,9418885.0,54.32,171.5
			2023-06,23.4,19.7,27.9,8.2,4.5,3.6999999999999993,16.1074050043805,1134258471,9414093.0,54.32,171.49
			2023-07,26.7,23.9,30.2,6.300000000000001,3.5,2.8000000000000007,21.898356233426437,1395523231,9411260.0,54.32,171.49
			2023-08,27.2,24.3,30.8,6.5,3.6000000000000014,2.8999999999999986,22.74833525081907,1768820892,9409466.0,54.32,171.49
			2023-09,23.7,20.2,27.6,7.400000000000002,3.900000000000002,3.5,16.45390439308517,1523868210,9407540.0,54.32,171.48
			2023-10,15.8,11.5,21.0,9.5,5.199999999999999,4.300000000000001,2.9234913742362423,1138161522,9400249.0,54.3,171.77
			2023-11,6.8,2.9,11.5,8.6,4.7,3.9,-12.634510582619711,1114968582,9390925.0,54.29,171.84
			2023-12,1.1,-2.5,5.2,7.7,4.1,3.6,-22.600553203131305,1196400297,9386034.0,54.29,171.85
